datetime,ECOPETROL,PFGRUPSURA,GRUPOSURA,NUTRESA,ISA,GEB,CELSIA,GRUPOARGOS,PFGRUPOARG,CORFICOLCF,PFCORFICOL,GRUPOAVAL,PFAVAL,PFDAVVNDA,CEMARGOS,PFCEMARGOS,PROMIGAS,MINEROS,ETB,ELCONDOR,OCCIDENTE,BOGOTA,BVC,TERPEL
2023-05-15 08:30:00,2135.0,9184.8923,32671.7154,59360.0,16460.0,1720.0,,5697.8124,3191.6484,13000.0,11650.0,511.29999,510.0,19000.0,2731.248531,,,2117.0,,,,35990.0,,7200.0
2023-05-23 08:30:00,2065.0,9024.4575,31577.146,57800.0,16200.0,1753.0,2599.0,5728.4458,3185.73794,13550.0,11510.0,500.0,504.5,18500.0,2734.834023,1946.33404,4151.0,2000.0,,,14000.0,33810.0,,7100.0
2023-05-29 08:30:00,2116.0,,,,18000.0,1840.0,2840.0,,,14490.0,11480.0,458.10001,509.89999,19270.0,3047.6682,2083.09843,4172.0,1950.0,100.0,,,32950.0,,7045.0
2023-06-05 08:30:00,2172.0,,,,17200.0,1986.0,2740.0,,,15280.0,12300.0,505.0,513.0,20290.0,3271.76145,2279.4065,4100.0,,95.0,,,33180.0,10240.0,7360.0
2023-06-13 08:30:00,2200.0,10789.2403,28175.3188,57780.0,17750.0,1839.0,,6169.56676,3587.64922,15000.0,12250.0,,475.0,20410.0,3164.19669,2299.87464,4620.0,1905.0,,,,32400.0,9745.0,7125.0
2023-06-20 08:30:00,2140.0,10556.60984,27246.116,54000.0,16980.0,1835.0,2685.0,5581.40548,,14400.0,12000.0,465.60001,486.0,20000.0,2981.336598,2232.888,4670.0,1900.0,,,,31200.0,9900.0,7200.0
2023-06-26 08:30:00,,10388.1533,28348.56,52430.0,16890.0,1825.0,2680.0,5912.2462,3552.18646,14850.0,11530.0,476.89999,,19610.0,3047.6682,2113.80064,4400.0,1850.0,90.0,,,32550.0,9470.0,7000.0
2023-07-04 08:30:00,2160.0,10652.87072,29143.8946,52800.0,16980.0,1840.0,,5817.28266,3599.47014,15000.0,11800.0,,492.0,18990.0,2952.652662,2231.95763,4579.0,1834.0,,,,29990.0,10200.0,7265.0
2023-07-10 08:30:00,2167.0,10749.1316,30017.9752,52000.0,17100.0,1836.0,2720.0,5850.9794,3646.75382,15470.0,12370.0,,490.0,19840.0,3132.823635,2134.26878,4700.0,1874.0,,,,30680.0,,7300.0
2023-07-17 08:30:00,2192.0,11061.97946,30710.94,,17310.0,1829.0,2700.0,5982.70302,3587.64922,15790.0,12710.0,,512.0,20400.0,3209.01534,2157.52803,4699.0,1912.0,85.0,,,30800.0,,
2023-07-24 08:30:00,2206.0,11551.3056,28482.4282,51000.0,17070.0,1773.0,2650.0,5881.6128,3593.55968,15490.0,13190.0,,505.5,19800.0,3137.3055,2137.99026,4700.0,1898.0,84.900002,,,30180.0,,7315.0
2023-07-31 08:30:00,2295.0,10989.7838,28348.56,50600.0,17000.0,1760.0,2600.0,5872.42278,3664.4852,15430.0,13290.0,504.0,500.0,19700.0,3186.606015,2138.92063,,1930.0,83.0,,,30380.0,9390.0,7260.0
2023-08-08 08:30:00,2300.0,,29451.004,51480.0,16820.0,,2585.0,5930.62624,3717.67934,15540.0,,,508.0,19400.0,3057.528303,2183.57839,4699.0,1947.0,85.0,,,29510.0,,7225.0
2023-08-14 08:30:00,2330.0,10829.349,27167.37,51800.0,16330.0,1769.0,2510.0,5752.95252,3484.21617,14600.0,12450.0,475.0,495.0,18500.0,3002.84955,2155.66729,4700.0,1913.0,,,,29450.0,,7005.0
2023-08-22 08:30:00,2310.0,10027.175,26379.91,52000.0,15520.0,1758.0,2550.0,5559.9621,3487.1714,12610.0,11600.0,,463.0,18100.0,2834.331426,2056.1177,4600.0,1881.0,,,12000.0,28010.0,,7100.0
2023-08-28 08:30:00,2385.0,9626.088,23923.0348,51450.0,15550.0,1631.0,2450.0,4901.344,3309.8576,11750.0,11150.0,472.0,475.10001,18230.0,2760.82884,1883.99925,4499.0,1871.0,,,,26500.0,9000.0,6900.0
2023-09-04 08:30:00,2429.0,9786.5228,24411.26,50410.0,14300.0,1668.0,2230.0,5146.4112,3428.0668,11130.0,10670.0,460.0,460.0,17000.0,3752.217378,2374.30424,4300.0,1835.0,,,,25600.0,,7000.0
2023-09-11 08:30:00,2411.0,8503.0444,22828.4654,46200.0,15300.0,1640.0,2210.0,5079.01772,3368.9622,13600.0,11300.0,485.0,506.0,15810.0,3495.8547,2281.26724,4350.0,1899.0,,,,24980.0,9050.0,6370.0
2023-09-18 08:30:00,2330.0,8864.0227,23938.784,48200.0,15200.0,1604.0,2300.0,5434.36516,3490.12663,13060.0,,484.0,490.0,16200.0,3782.69406,2733.42706,4100.0,1807.0,,,,25000.0,8210.0,6660.0
2023-09-25 08:30:00,2365.0,9842.67498,25190.8454,49520.0,14920.0,1747.0,2579.0,5728.4458,3909.76929,13750.0,10720.0,,514.5,17500.0,4401.19143,3582.85487,4187.0,1799.0,,,,25200.0,9000.0,6820.0
2023-10-02 08:30:00,2359.0,10027.175,25986.18,51000.0,14100.0,1626.0,2396.0,5458.87188,4107.7697,13400.0,11460.0,500.0,515.09998,16010.0,4320.51786,3423.7616,4192.0,1765.0,,,,25090.0,8525.0,6710.0
2023-10-09 08:30:00,2585.0,9938.93586,25198.72,50000.0,14260.0,1650.0,2400.0,5544.6454,3989.5605,13450.0,11600.0,,510.0,16500.0,4171.719942,3116.7395,4300.0,1780.0,77.0,600.0,,25490.0,,6700.0
2023-10-17 08:30:00,2575.0,9866.7402,25592.45,48890.0,15000.0,1670.0,2570.0,5661.05232,3889.08268,13000.0,,498.79999,480.0,16310.0,4275.69921,3181.8654,4200.0,1835.0,,590.0,,25500.0,,
2023-10-23 08:30:00,2470.0,9706.3054,25986.18,49100.0,14400.0,1682.0,2404.0,5572.21546,3900.9036,,11650.0,498.70001,470.0,16300.0,4300.797654,3122.32172,4237.0,1782.0,78.699997,,,25000.0,8000.0,6600.0
2023-10-30 08:30:00,2460.0,9626.088,25742.0674,48370.0,14650.0,1747.0,2355.0,5391.4784,3800.42578,,11000.0,,460.0,15700.0,4165.445331,3116.7395,4100.0,1780.0,,,,24760.0,9000.0,6620.0
2023-11-07 09:30:00,2350.0,9706.3054,25954.6816,48300.0,14940.0,1730.0,2450.0,5636.5456,4013.20234,12520.0,,444.0,447.0,15860.0,4517.71992,3395.8505,,1760.0,78.5,,,24780.0,9500.0,6570.0
2023-11-14 09:30:00,2480.0,9946.9576,25592.45,47980.0,15860.0,1780.0,2465.0,5667.179,4107.7697,12700.0,,464.0,450.0,15800.0,4468.419405,,4065.0,1700.0,,,,23960.0,10000.0,6870.0
2023-11-20 09:30:00,2575.0,9786.5228,24804.99,48800.0,15240.0,1850.0,2500.0,5783.58592,4143.23246,12040.0,11160.0,448.0,437.0,15600.0,4804.55928,3674.9615,4130.0,1680.0,,,,24320.0,10400.0,7000.0
2023-11-27 09:30:00,2545.0,9930.91412,24395.5108,49980.0,15220.0,1920.0,2440.0,6359.49384,4332.36718,11940.0,10780.0,458.0,448.0,15560.0,4885.23285,3721.48,4170.0,1700.0,,,,24460.0,11240.0,7140.0
2023-12-04 09:30:00,2465.0,9963.00108,24017.53,,15800.0,1795.0,2445.0,6371.7472,4391.47178,11700.0,10260.0,500.0,439.0,15820.0,5037.61626,3744.73925,4140.0,1720.0,,,,24000.0,11400.0,6920.0
2023-12-11 09:30:00,2365.0,10364.08808,23293.0668,49000.0,15160.0,1800.0,2735.0,7474.5496,4787.4726,11980.0,10500.0,458.0,460.0,16780.0,5539.58514,4121.5391,4340.0,1725.0,,,,24520.0,11580.0,7010.0
2023-12-18 09:30:00,2350.0,10701.00116,23450.5588,45000.0,15040.0,1850.0,2930.0,7462.29624,4704.72616,12300.0,10840.0,466.0,461.0,17720.0,5512.69395,4182.01315,4270.0,1710.0,88.0,,,26500.0,,7500.0
2023-12-26 09:30:00,2340.0,10829.349,22836.34,,15480.0,1900.0,2960.0,7609.33656,5000.24916,13500.0,11300.0,468.0,485.0,19180.0,5476.83903,4186.665,4600.0,1835.0,95.0,,,27460.0,11500.0,7750.0
2024-01-02 09:30:00,2445.0,12032.61,24411.26,44980.0,17000.0,2220.0,3140.0,8393.5516,5449.44412,15080.0,12480.0,500.0,503.0,19980.0,5763.67839,4340.17605,4840.0,1930.0,91.0,,,29440.0,,8010.0
2024-01-09 09:30:00,2375.0,12433.697,24253.768,45200.0,17700.0,2310.0,,8454.8184,5674.0416,16920.0,13020.0,505.0,514.0,20240.0,5916.0618,4558.813,5010.0,2035.0,88.0,,,29400.0,,8380.0
2024-01-15 09:30:00,2280.0,13556.7406,25198.72,44500.0,17220.0,2240.0,3230.0,8271.018,5981.38552,16100.0,13000.0,521.0,509.0,20200.0,5835.38823,5070.5165,5050.0,1970.0,108.0,,12120.0,29860.0,,8200.0
2024-01-22 09:30:00,2400.0,13588.82756,26222.418,44520.0,17100.0,2200.0,3345.0,8393.5516,6087.7738,16160.0,13300.0,506.0,499.0,20340.0,5916.0618,5368.2349,5400.0,1925.0,,,13960.0,30780.0,11300.0,7980.0
2024-01-29 09:30:00,2320.0,12818.74052,24253.768,45680.0,16960.0,2215.0,3210.0,8418.05832,6075.95288,16300.0,13100.0,,498.0,19400.0,5700.93228,5256.5905,5000.0,1900.0,106.0,,,31680.0,10080.0,7890.0
2024-02-05 09:30:00,2315.0,13011.26228,25592.45,46000.0,16140.0,2145.0,3240.0,7829.89704,5792.2508,15340.0,12900.0,,492.0,,5629.22244,5135.6424,5170.0,1910.0,,,12320.0,31100.0,,7800.0
2024-02-12 09:30:00,2305.0,13203.78404,24206.5204,46700.0,16800.0,2110.0,3200.0,7854.40376,5762.6985,15000.0,12520.0,,493.0,19000.0,5781.60585,5107.7313,5080.0,2030.0,,,,31500.0,9920.0,7850.0
2024-02-19 09:30:00,2330.0,13476.5232,24411.26,,17100.0,2180.0,3605.0,8320.03144,5821.8031,14420.0,12860.0,495.0,491.0,20000.0,6122.22759,5377.5386,5000.0,2120.0,,,12380.0,32780.0,,8000.0
2024-02-26 09:30:00,2240.0,14679.7842,22993.832,,16860.0,2245.0,3730.0,8699.8856,6146.8784,14300.0,13000.0,471.0,492.0,19980.0,6274.611,5535.7015,5100.0,2530.0,95.0,,,32480.0,,8120.0
2024-03-04 09:30:00,2055.0,15161.0886,24017.53,,18200.0,2320.0,3925.0,9042.97968,6560.6106,13900.0,13080.0,,475.0,21140.0,7036.52805,6233.479,5150.0,2700.0,,,,32000.0,9280.0,8200.0
2024-03-11 08:30:00,2210.0,14535.39288,23623.8,45980.0,19960.0,2080.0,3500.0,8761.1524,6489.68508,13040.0,12700.0,423.0,408.0,19100.0,7350.2586,,5160.0,2630.0,,,,27500.0,,8230.0
2024-03-18 08:30:00,2115.0,15241.306,23608.0508,45960.0,19420.0,2280.0,3915.0,9275.79352,6560.6106,13540.0,13180.0,433.0,428.0,20300.0,7583.31558,6568.4122,5240.0,2875.0,,,,27000.0,9940.0,8000.0
2024-03-26 08:30:00,2075.0,14872.30596,24001.7808,45900.0,19780.0,2370.0,3935.0,9422.83384,6666.99888,13300.0,13260.0,430.0,430.0,,7744.66272,6931.2565,5130.0,3100.0,,,,,,7900.0
2024-04-01 08:30:00,2290.0,16428.52352,25513.704,42200.0,19200.0,2560.0,4205.0,9729.16784,6749.74532,14500.0,14800.0,,454.0,22200.0,7932.90105,6949.8639,5490.0,3235.0,,,,28100.0,9720.0,8000.0
2024-04-08 08:30:00,2240.0,17519.48016,28348.56,41980.0,19000.0,,4280.0,10010.99512,7210.7612,16060.0,16000.0,470.0,472.0,22500.0,7843.26375,6921.9528,5800.0,3260.0,100.0,510.0,13520.0,29000.0,10100.0,8100.0
2024-04-15 08:30:00,,16268.08872,28269.814,36860.0,18000.0,2305.0,4080.0,9655.64768,6560.6106,15160.0,15840.0,460.0,462.0,20800.0,7484.71455,6587.0196,6290.0,3275.0,,,13980.0,28780.0,9820.0,8180.0
2024-04-22 08:30:00,2300.0,18450.002,30726.6892,36000.0,18060.0,2450.0,4190.0,10133.52872,6974.3428,14900.0,15900.0,463.0,472.0,22000.0,7619.1705,6614.9307,6540.0,3270.0,,,,28260.0,10140.0,8100.0
2024-04-29 08:30:00,2260.0,18931.3064,31498.4,36500.0,19100.0,2550.0,4200.0,9888.46152,6915.2382,14800.0,16100.0,,464.0,,7126.16535,,6600.0,3195.0,,,,28500.0,10120.0,8210.0
2024-05-06 08:30:00,2265.0,19252.176,31892.13,35220.0,18680.0,2530.0,4205.0,9937.47496,6986.16372,14900.0,16160.0,459.0,463.0,21640.0,7672.95288,6512.59,7200.0,3240.0,,,,28300.0,10300.0,8350.0
2024-05-14 08:30:00,2320.0,21482.21972,,35960.0,18760.0,2600.0,4350.0,9974.23504,7139.83568,15900.0,15180.0,461.0,467.0,22360.0,7529.5332,,7000.0,3275.0,,,,,,10180.0
2024-05-20 08:30:00,2305.0,20295.0022,28742.29,34500.0,18580.0,2565.0,4375.0,10035.50184,7210.7612,15320.0,14920.0,460.0,469.0,21820.0,7439.8959,,7180.0,3125.0,,,,28100.0,10460.0,9600.0
2024-05-27 08:30:00,2360.0,19252.176,25986.18,59100.0,19140.0,2545.0,4300.0,10060.00856,6891.59636,15020.0,14880.0,451.0,450.0,21000.0,7350.2586,,6900.0,3160.0,90.0,,11840.0,27540.0,,9300.0
2024-06-04 08:30:00,,20262.91524,28033.576,57000.0,18680.0,2575.0,4150.0,10231.5556,7175.29844,15200.0,14300.0,458.0,451.0,,7386.11352,,7180.0,3285.0,95.0,590.0,,27520.0,10620.0,9380.0
2024-06-11 08:30:00,2400.0,19926.00216,28206.8172,55540.0,17520.0,2525.0,4115.0,10109.022,6950.70096,14420.0,13740.0,,436.0,19900.0,7332.33114,,7170.0,3190.0,,,13660.0,27000.0,10500.0,9000.0
2024-06-17 08:30:00,2295.0,20198.74132,26458.656,50000.0,17740.0,,4100.0,9961.98168,6879.77544,14040.0,13000.0,,434.0,19760.0,7260.6213,6587.0196,6650.0,3295.0,,,,26000.0,10900.0,9040.0
2024-06-24 08:30:00,2320.0,19589.08908,27088.624,51800.0,18200.0,2500.0,,10341.83584,7033.4474,14260.0,12920.0,431.0,433.0,20000.0,7466.78709,7256.886,7100.0,3215.0,,,,26600.0,11180.0,9000.0
2024-07-02 08:30:00,2295.0,19893.9152,26143.672,52960.0,18320.0,2560.0,4120.0,10513.38288,,14300.0,13140.0,,432.0,20280.0,7529.5332,7070.812,7250.0,3390.0,,,,26100.0,,9300.0
2024-07-08 08:30:00,2190.0,19171.9586,26647.6464,50500.0,18260.0,2600.0,4320.0,10403.10264,7068.91016,13980.0,13000.0,420.0,422.0,19900.0,,7442.96,7200.0,3345.0,,,13020.0,25200.0,,9020.0
2024-07-15 08:30:00,2180.0,18658.56724,25655.4468,49000.0,18300.0,2590.0,4185.0,10378.59592,6997.98464,13680.0,12740.0,,425.0,18800.0,,6866.1306,,3415.0,84.0,,,25600.0,,8820.0
2024-07-22 08:30:00,2145.0,18289.5672,25592.45,52980.0,17880.0,2465.0,4020.0,10390.84928,6903.41728,13500.0,12360.0,,423.0,18600.0,7511.60574,7117.3305,7500.0,3365.0,80.0,,13200.0,25400.0,,8850.0
2024-07-29 08:30:00,2060.0,17326.9584,24789.2408,53000.0,17100.0,2385.0,3980.0,10219.30224,6856.1336,13340.0,12000.0,427.0,421.0,18300.0,7377.14979,7061.5083,7210.0,3200.0,81.5,,,25000.0,,8600.0
2024-08-05 08:30:00,2135.0,17760.13236,24757.7424,55400.0,16440.0,2445.0,4140.0,10292.8224,6903.41728,13100.0,12300.0,,410.0,17740.0,7224.76638,6456.7678,7500.0,3235.0,,,,,,8650.0
2024-08-12 08:30:00,2085.0,18482.08896,25119.974,55980.0,18200.0,2470.0,4200.0,10390.84928,6974.3428,13840.0,12320.0,412.0,428.0,18500.0,7843.26375,7396.4415,7650.0,3250.0,,,,25480.0,10680.0,9500.0
2024-08-20 08:30:00,2055.0,17968.6976,26143.672,57880.0,17260.0,2385.0,4000.0,10354.0892,6797.029,13040.0,11920.0,415.0,418.0,18300.0,7834.30002,,7200.0,3400.0,,,,27500.0,,9130.0
2024-08-26 08:30:00,,17086.3062,25419.2088,59000.0,18160.0,2530.0,4050.0,10415.356,6997.98464,12680.0,11580.0,413.0,425.0,17400.0,7457.82336,,7700.0,3380.0,,,,29000.0,,9490.0
2024-09-02 08:30:00,1930.0,16957.95836,24332.514,60000.0,17320.0,,4000.0,10721.69,7210.7612,12600.0,11500.0,,420.0,17800.0,7269.58503,,7500.0,3260.0,81.0,,,28260.0,10200.0,9400.0
2024-09-09 08:30:00,1910.0,16492.69744,23986.0316,64280.0,16960.0,2520.0,3920.0,10746.19672,6927.05912,12220.0,11400.0,,,18340.0,7081.3467,7275.4934,7700.0,3285.0,80.0,,,28180.0,,9850.0
2024-09-16 08:30:00,1890.0,15915.13216,21655.15,67000.0,17480.0,2570.0,3980.0,11211.8244,,11800.0,,,424.0,18400.0,6722.7975,,7800.0,3600.0,,,,27900.0,,10060.0
2024-09-23 08:30:00,1885.0,16925.8714,22678.848,69740.0,17280.0,2505.0,3900.0,10966.7572,6974.3428,12280.0,11820.0,,420.0,18660.0,6749.68869,,7700.0,3480.0,75.0,,,27820.0,9710.0,10000.0
2024-09-30 08:30:00,1890.0,16861.69748,22836.34,69680.0,17460.0,2465.0,3940.0,11064.78408,6856.1336,12300.0,11500.0,410.0,415.0,18880.0,6651.08766,7210.3675,,3650.0,80.0,,,27780.0,,9960.0
2024-10-07 08:30:00,1845.0,16925.8714,22726.0956,75000.0,17500.0,2495.0,3985.0,11273.0912,7045.26832,13400.0,12460.0,415.0,424.0,19000.0,6767.61615,6680.0566,7830.0,3730.0,,600.0,,27400.0,9600.0,10120.0
2024-10-15 08:30:00,1760.0,17824.30628,26238.1672,82500.0,18020.0,2570.0,3965.0,12045.05288,7577.20972,14520.0,13620.0,,439.0,20000.0,7063.41924,6782.3973,7790.0,3655.0,,,,27620.0,,10200.0
2024-10-21 08:30:00,1735.0,17888.4802,26364.1608,77700.0,17900.0,2540.0,3810.0,11554.91848,7116.19384,14100.0,13100.0,428.0,425.0,18660.0,7350.2586,6903.3454,7700.0,,,,,27520.0,9470.0,10400.0
2024-10-28 08:30:00,1680.0,18482.08896,27403.608,78480.0,17440.0,2525.0,3750.0,11812.23904,7920.0164,15200.0,14300.0,437.0,435.0,18900.0,7655.02542,6828.9158,,,,,,28260.0,9750.0,10300.0
2024-11-05 09:30:00,1590.0,18546.26288,28348.56,80000.0,17400.0,2485.0,3715.0,11456.8916,7825.44904,15300.0,14280.0,429.0,426.0,18400.0,7502.64201,6754.4862,,,,,14000.0,27260.0,9620.0,10400.0
2024-11-12 09:30:00,1745.0,18321.65416,27167.37,,16980.0,2480.0,3565.0,11211.8244,7742.7026,15500.0,14000.0,431.0,451.0,18100.0,7484.71455,6614.9307,7750.0,3845.0,,,,27280.0,,10600.0
2024-11-18 09:30:00,1830.0,18562.30636,26521.6528,79500.0,17240.0,2550.0,3645.0,12045.05288,8239.18124,15600.0,14320.0,457.0,455.0,18980.0,8201.81295,7294.1008,7500.0,4020.0,79.5,,,27780.0,9410.0,11100.0
2024-11-25 09:30:00,1800.0,18706.69768,28348.56,79000.0,16800.0,2580.0,3590.0,12265.61336,8274.644,15400.0,14300.0,,,18880.0,8623.10826,9005.9816,7700.0,4220.0,74.0,,18000.0,27480.0,9610.0,11200.0
2024-12-02 09:30:00,1730.0,,27844.5856,,16880.0,2490.0,3520.0,12008.2928,8321.92768,15540.0,14460.0,,460.0,17980.0,8649.99945,8885.0335,,4085.0,,,,27300.0,,11040.0
2024-12-09 09:30:00,1780.0,18819.00204,27954.83,,16800.0,2510.0,3505.0,11885.7592,8416.49504,15500.0,14200.0,454.0,459.0,17700.0,8963.73,8838.515,7570.0,4500.0,,,,26860.0,,10920.0
2024-12-16 09:30:00,1650.0,20487.52396,29136.02,78000.0,16200.0,2420.0,3520.0,12437.1604,8948.43644,14540.0,13400.0,441.0,433.0,17820.0,9268.49682,8931.552,7450.0,4280.0,,,,26700.0,9500.0,11040.0
2024-12-23 09:30:00,1660.0,21129.26316,,79000.0,16500.0,2485.0,3685.0,12559.694,9113.92932,15000.0,13960.0,,458.0,17620.0,9304.35174,10792.292,,4250.0,,,,26540.0,9960.0,11500.0
2024-12-30 09:30:00,1790.0,20888.61096,29214.766,81980.0,16740.0,2490.0,3730.0,12547.44064,8983.8992,15220.0,14420.0,450.0,463.0,18100.0,9322.2792,10885.329,,4530.0,,,17000.0,26500.0,9850.0,11720.0
2025-01-07 09:30:00,1845.0,20920.69792,28647.7948,87000.0,17080.0,2485.0,3765.0,12424.90704,8664.73436,15120.0,14400.0,,458.0,19000.0,9465.69888,11164.44,7270.0,4570.0,,,,26860.0,9600.0,11780.0
2025-01-13 09:30:00,1835.0,20615.8718,28348.56,92000.0,17100.0,2520.0,3680.0,11934.77264,8451.9578,15680.0,14800.0,479.0,476.0,18660.0,9143.0046,10029.3886,7160.0,4630.0,,,,27200.0,9980.0,12200.0
2025-01-20 09:30:00,1760.0,21000.91532,,,16820.0,2600.0,3660.0,11652.94536,8333.7486,16700.0,15060.0,468.0,487.0,18700.0,8945.80254,9824.7072,7180.0,4890.0,68.0,,,28000.0,10400.0,12000.0
2025-01-27 09:30:00,1960.0,22974.26336,28506.052,96700.0,18480.0,2700.0,3720.0,12204.34656,8806.5854,17580.0,15640.0,571.0,549.0,19460.0,9268.49682,10327.107,7070.0,4875.0,,,,29500.0,11480.0,
2025-02-03 09:30:00,2000.0,24001.04608,29199.0168,100000.0,18000.0,2590.0,3680.0,12412.65368,8688.3762,17600.0,15600.0,540.0,,19100.0,9573.26364,9861.922,6950.0,,,,,28880.0,11200.0,12080.0
2025-02-10 09:30:00,2125.0,24690.91572,29482.5024,118000.0,17860.0,2585.0,3650.0,12302.37344,8865.69,17500.0,15800.0,553.0,577.0,18840.0,9680.8284,10382.9292,6900.0,,,,17140.0,29180.0,11220.0,12300.0
2025-02-17 09:30:00,2145.0,28076.09,34632.4908,109980.0,20300.0,2685.0,3730.0,12620.9608,9078.46656,19460.0,16620.0,639.0,642.0,21200.0,9591.1911,10085.2108,6990.0,5350.0,,,17160.0,30520.0,11320.0,12600.0
2025-02-24 09:30:00,2060.0,30883.699,33467.05,119900.0,20720.0,2875.0,3700.0,12375.8936,9161.213,18200.0,17000.0,630.0,586.0,20200.0,8963.73,9843.3146,6700.0,,59.0,,,29400.0,12000.0,12100.0
2025-03-03 09:30:00,,31220.61208,32285.86,117000.0,19000.0,2850.0,3760.0,12743.4944,9338.5268,17900.0,17500.0,596.0,606.0,20580.0,8829.27405,9303.7,7080.0,5300.0,52.0,,19000.0,30860.0,12620.0,12620.0
2025-03-10 08:30:00,2080.0,30001.3076,31482.6508,118000.0,19420.0,2860.0,3800.0,12473.92048,9054.82472,17100.0,17280.0,,595.0,20600.0,8918.91135,9117.626,6910.0,5370.0,,,,30780.0,12580.0,12640.0
2025-03-17 08:30:00,2130.0,30883.699,31104.67,112220.0,18400.0,2855.0,3885.0,12608.70744,8983.8992,16040.0,16900.0,587.0,545.0,20040.0,8793.41913,9154.8408,6760.0,4900.0,,,,30800.0,12600.0,12500.0
2025-03-25 08:30:00,2140.0,30979.95988,33388.304,123500.0,19380.0,2860.0,3940.0,12559.694,9397.6314,16240.0,16620.0,561.0,553.0,20200.0,9196.78698,,6700.0,5500.0,46.5,,,30760.0,,11100.0
2025-03-31 08:30:00,1930.0,31397.09036,33782.034,124760.0,19900.0,,4015.0,13172.362,10319.66316,16500.0,16640.0,551.0,542.0,21180.0,9053.3673,9303.7,6510.0,5700.0,51.0,,,30580.0,13800.0,11260.0
2025-04-07 08:30:00,1875.0,30931.82944,33860.78,122500.0,19200.0,2790.0,3950.0,12584.20072,9835.00544,15900.0,16500.0,555.0,535.0,20320.0,9107.14968,,6650.0,5910.0,,,,29600.0,13480.0,11000.0
2025-04-14 08:30:00,1905.0,31204.5686,33703.288,119700.0,19780.0,2820.0,4000.0,13013.06832,9929.5728,16260.0,16660.0,553.0,561.0,20740.0,9716.68332,9675.848,6790.0,6000.0,,,,29980.0,12860.0,11100.0
2025-04-21 08:30:00,1830.0,30402.3946,33467.05,121400.0,20260.0,2805.0,3890.0,13466.44264,9811.3636,16200.0,17180.0,567.0,570.0,21400.0,9609.11856,9713.0628,6660.0,6180.0,,,,30100.0,12280.0,11080.0
2025-04-28 08:30:00,1735.0,30241.9598,34018.272,126600.0,21660.0,2960.0,4000.0,13429.68256,9764.07992,16660.0,17300.0,560.0,576.0,21900.0,,9806.0998,6700.0,5980.0,,,19020.0,30800.0,12640.0,11300.0
2025-05-05 08:30:00,1720.0,30338.22068,34569.494,123960.0,21800.0,2940.0,4150.0,13466.44264,9870.4682,17200.0,17680.0,600.0,597.0,23220.0,9662.90094,,6800.0,6990.0,,,19000.0,32000.0,12000.0,11100.0
2025-05-12 08:30:00,1810.0,30643.0468,35278.208,123500.0,21000.0,2895.0,4320.0,13184.61536,9752.259,18320.0,16420.0,599.0,598.0,23680.0,9393.98904,9768.885,6830.0,7140.0,53.0,500.0,,32160.0,12160.0,12000.0
2025-05-19 08:30:00,1780.0,30803.4816,36081.4172,124640.0,20200.0,2970.0,4410.0,13331.65568,9811.3636,18140.0,16240.0,607.0,585.0,23400.0,9770.4657,,6820.0,7350.0,57.0,450.0,,33000.0,12460.0,12380.0
2025-05-26 08:30:00,1740.0,29921.0902,35356.954,126500.0,19320.0,2900.0,4220.0,13172.362,9669.51256,18500.0,16360.0,590.0,582.0,22720.0,9358.13412,,6700.0,7210.0,,,22000.0,32600.0,12000.0,12280.0
2025-06-03 08:30:00,1845.0,30177.78588,,129800.0,19800.0,2985.0,4445.0,13454.18928,9905.93096,18440.0,16200.0,600.0,580.0,23280.0,9465.69888,,6860.0,,55.0,,21500.0,32780.0,12520.0,12300.0
2025-06-09 08:30:00,1985.0,30530.74244,35986.922,126740.0,19200.0,2910.0,4490.0,13221.37544,9752.259,17400.0,16020.0,590.0,573.0,22500.0,9501.5538,9861.922,6800.0,,,,21000.0,32200.0,12200.0,12360.0
2025-06-16 08:30:00,2000.0,30562.8294,37325.604,129400.0,19400.0,2950.0,4500.0,13405.17584,9657.69164,17600.0,16000.0,591.0,575.0,22000.0,9232.6419,10234.07,6790.0,7130.0,,,20000.0,32380.0,,12400.0
2025-06-24 08:30:00,1820.0,30161.7424,38113.064,129960.0,19780.0,3020.0,,13527.70944,9775.90084,18040.0,15940.0,580.0,570.0,22980.0,,9861.922,6900.0,7200.0,,,,32000.0,12180.0,12300.0
2025-07-01 08:30:00,1835.0,31076.22076,40160.46,127260.0,19980.0,3045.0,4550.0,14397.698,10225.0958,17800.0,15840.0,581.0,568.0,22580.0,9573.26364,10252.6774,,7300.0,,,,,12040.0,12380.0
2025-07-07 08:30:00,1820.0,33274.17752,43137.0588,129960.0,20000.0,3030.0,4535.0,14887.8324,10508.79788,17760.0,16000.0,575.0,577.0,22140.0,10680.0,11020.0,6730.0,7290.0,,,20500.0,32200.0,11900.0,12360.0
2025-07-14 08:30:00,1775.0,33803.61236,43089.8112,,20700.0,2960.0,4800.0,15194.1664,10981.63468,17860.0,,586.0,589.0,22320.0,10080.0,,6900.0,7320.0,52.5,470.0,,32140.0,12140.0,12320.0
2025-07-21 08:30:00,1765.0,42140.0,54720.0,129000.0,19700.0,2930.0,4685.0,24800.0,18580.0,17400.0,,587.0,592.0,21420.0,10500.0,11520.0,6640.0,7540.0,,,,32340.0,12000.0,12340.0
2025-07-28 08:30:00,1720.0,37120.0,45700.0,130000.0,20120.0,2940.0,4805.0,17000.0,11560.0,17260.0,15900.0,586.0,575.0,22180.0,10740.0,11320.0,6650.0,7550.0,,,,31900.0,,13080.0
2025-08-04 08:30:00,1740.0,36980.0,46180.0,129000.0,22000.0,3045.0,4900.0,17360.0,11320.0,17340.0,16300.0,587.0,597.0,23660.0,10960.0,,6700.0,7780.0,,,,32300.0,,13840.0
2025-08-11 08:30:00,1800.0,36480.0,47060.0,136800.0,23120.0,2995.0,4885.0,17380.0,11300.0,17900.0,16800.0,634.0,634.0,25000.0,10640.0,,6770.0,8140.0,49.5,468.0,,34060.0,12540.0,14300.0
2025-08-19 08:30:00,1850.0,36100.0,47080.0,149740.0,23620.0,2940.0,4800.0,17000.0,11000.0,18320.0,17000.0,644.0,660.0,24300.0,10040.0,10800.0,,8690.0,50.0,,,35580.0,,14500.0
2025-08-25 08:30:00,1890.0,35640.0,46360.0,149480.0,21800.0,2950.0,4790.0,17280.0,10880.0,18280.0,16820.0,645.0,665.0,24200.0,9970.0,10900.0,6740.0,10200.0,,500.0,,35120.0,12600.0,14480.0
2025-09-01 08:30:00,1800.0,35540.0,44480.0,149780.0,22240.0,2990.0,4725.0,17000.0,11180.0,18020.0,16860.0,646.0,650.0,24240.0,10000.0,11400.0,6760.0,11000.0,,,,35000.0,,14720.0
2025-09-08 08:30:00,1790.0,35860.0,44800.0,157000.0,22060.0,2925.0,4740.0,17100.0,11480.0,17840.0,17080.0,643.0,658.0,24300.0,9950.0,11300.0,6680.0,11280.0,,550.0,,34700.0,13000.0,15300.0
2025-09-15 08:30:00,1730.0,37500.0,44500.0,,22500.0,2805.0,4550.0,17800.0,11300.0,17000.0,16300.0,648.0,629.0,23500.0,11400.0,12380.0,6570.0,11000.0,,,,32500.0,12660.0,16800.0
2025-09-22 08:30:00,1845.0,35620.0,43980.0,174000.0,22620.0,2915.0,4775.0,17680.0,11380.0,17220.0,16600.0,650.0,655.0,24560.0,10540.0,,6670.0,12000.0,,,,34080.0,12600.0,15740.0
2025-09-29 08:30:00,1775.0,35780.0,43380.0,,23160.0,2880.0,4670.0,17700.0,11480.0,17120.0,16260.0,648.0,674.0,24420.0,10500.0,12420.0,6650.0,12800.0,,,,34540.0,12420.0,15960.0
2025-10-06 08:30:00,1730.0,35840.0,42640.0,215900.0,22880.0,2875.0,4830.0,17680.0,11300.0,16900.0,16300.0,677.0,705.0,25200.0,10100.0,,,13600.0,,,,35000.0,12400.0,15500.0
2025-10-14 08:30:00,1740.0,36400.0,44400.0,262000.0,22900.0,2985.0,4870.0,17800.0,11380.0,17400.0,16700.0,710.0,732.0,27300.0,10280.0,,6690.0,14680.0,,,19500.0,36140.0,12300.0,15460.0
2025-10-20 08:30:00,1770.0,39480.0,45000.0,220000.0,24300.0,3085.0,5000.0,,,17480.0,,758.0,779.0,29100.0,10240.0,12400.0,6560.0,14200.0,,590.0,19560.0,36120.0,,15600.0
2025-10-27 08:30:00,1780.0,40900.0,46860.0,272960.0,25000.0,3150.0,4890.0,17400.0,12080.0,18220.0,17280.0,769.0,777.0,27820.0,10320.0,12060.0,6430.0,13600.0,,650.0,,38100.0,13640.0,16460.0
2025-11-04 09:30:00,1865.0,46000.0,53000.0,254000.0,25880.0,,4850.0,17960.0,12740.0,17740.0,17120.0,796.0,808.0,28240.0,10440.0,12280.0,6320.0,14000.0,,,21000.0,38240.0,13120.0,16180.0
2025-11-10 09:30:00,1950.0,47680.0,55520.0,263000.0,24220.0,3155.0,4950.0,17500.0,13120.0,17940.0,17200.0,772.0,789.0,30460.0,10700.0,,6290.0,14560.0,,,23400.0,38500.0,13220.0,16800.0
2025-11-18 09:30:00,1860.0,44980.0,54400.0,,23400.0,3095.0,4700.0,17780.0,13500.0,18000.0,,,761.0,27940.0,10640.0,13360.0,6310.0,14700.0,,,22900.0,38400.0,,16740.0
2025-11-24 09:30:00,1880.0,45080.0,55160.0,262980.0,25200.0,3235.0,4945.0,17700.0,13380.0,18600.0,17400.0,750.0,767.0,26500.0,10800.0,13340.0,6300.0,15000.0,46.5,,22740.0,38500.0,13800.0,16840.0
2025-12-01 09:30:00,1905.0,44000.0,54600.0,253700.0,25780.0,3200.0,4965.0,17380.0,13000.0,18760.0,17320.0,760.0,790.0,26720.0,10940.0,,6440.0,15340.0,,,,,14080.0,18100.0
2025-12-09 09:30:00,1865.0,46760.0,57500.0,265000.0,,2990.0,5000.0,17000.0,,19200.0,17800.0,776.0,777.0,26340.0,10800.0,,6510.0,,,,21500.0,39100.0,14100.0,19140.0
2025-12-15 09:30:00,1765.0,43700.0,54600.0,266000.0,24980.0,2880.0,4885.0,16000.0,12360.0,19100.0,17180.0,763.0,776.0,25120.0,10960.0,,6550.0,15600.0,,,,38400.0,14400.0,19700.0
2025-12-22 09:30:00,1800.0,44000.0,55160.0,282000.0,,3020.0,4900.0,16980.0,12980.0,19000.0,17500.0,,763.0,25680.0,10680.0,,6450.0,15520.0,,,,40000.0,,19420.0
2025-12-29 09:30:00,1920.0,42900.0,54500.0,283140.0,24720.0,2990.0,,17220.0,,18400.0,17000.0,757.0,761.0,24820.0,10840.0,,6470.0,15180.0,,520.0,,38920.0,14500.0,18420.0
2026-01-05 09:30:00,2010.0,44400.0,55680.0,289020.0,27940.0,3140.0,5050.0,17900.0,13380.0,18840.0,17780.0,770.0,767.0,26120.0,11280.0,,6450.0,16360.0,,,,39000.0,14800.0,19720.0
2026-01-13 09:30:00,2265.0,48200.0,57500.0,300000.0,31400.0,3200.0,5060.0,17960.0,13800.0,19280.0,17900.0,749.0,788.0,26300.0,12020.0,,6400.0,17260.0,,,,40980.0,,19880.0
2026-01-19 09:30:00,2275.0,51800.0,63340.0,309000.0,32600.0,3250.0,5090.0,18480.0,14640.0,19600.0,18460.0,817.0,869.0,27280.0,13580.0,,6790.0,19000.0,,,22000.0,43420.0,14900.0,20000.0
2026-01-26 09:30:00,2300.0,52100.0,62500.0,304500.0,30300.0,3275.0,5260.0,18740.0,14580.0,20200.0,19380.0,890.0,895.0,28100.0,13820.0,,6880.0,19180.0,50.0,,23000.0,42900.0,16900.0,19840.0
2026-02-02 09:30:00,2240.0,51200.0,60000.0,319000.0,29000.0,2870.0,4960.0,17780.0,14200.0,19800.0,18720.0,850.0,802.0,27620.0,13460.0,13500.0,6740.0,18240.0,,,,40700.0,15700.0,19200.0
2026-02-09 09:30:00,2190.0,51400.0,60300.0,290000.0,28480.0,3015.0,5060.0,18500.0,13940.0,18500.0,18780.0,,815.0,27460.0,12220.0,,6680.0,19700.0,,,,41000.0,,19100.0
2026-02-16 09:30:00,2310.0,52740.0,61000.0,300380.0,28600.0,3040.0,5080.0,17720.0,13900.0,19200.0,18660.0,825.0,825.0,27400.0,12420.0,,6600.0,19980.0,,,,42000.0,15660.0,19580.0
2026-02-23 09:30:00,2240.0,46000.0,54200.0,306600.0,27500.0,2790.0,4835.0,16500.0,13300.0,17200.0,18500.0,,746.0,28240.0,11900.0,,6400.0,20280.0,49.8,,,41500.0,17000.0,19860.0
2026-03-02 09:30:00,2425.0,41600.0,52400.0,304400.0,28000.0,2775.0,4870.0,15700.0,12460.0,16320.0,17300.0,769.0,708.0,26400.0,11800.0,,,16500.0,55.0,,19980.0,37300.0,16900.0,18960.0
2026-03-09 08:30:00,2555.0,40000.0,50200.0,304000.0,27440.0,2880.0,4850.0,16000.0,12900.0,,,715.0,720.0,26220.0,11920.0,,6380.0,15960.0,50.0,,20900.0,38000.0,16520.0,
2026-03-16 08:30:00,2820.0,41500.0,46700.0,,29000.0,2940.0,4300.0,16480.0,12240.0,15400.0,17340.0,740.0,780.0,24520.0,10960.0,,6800.0,11800.0,,,,34200.0,,18000.0
2026-03-24 08:30:00,2700.0,41400.0,49200.0,,27600.0,2995.0,5460.0,16700.0,13000.0,16500.0,17640.0,770.0,760.0,24500.0,11480.0,,6730.0,12900.0,,,,38700.0,16900.0,18500.0
